{
    "authors": [],
    "date_download": "2018-12-14 21:13:43",
    "date_modify": null,
    "date_publish": "2018-12-04 00:00:00",
    "description": "Trung tâm thủ đô Paris biến thành bãi chiến trường trong cuộc bạo loạn của phe \"áo vàng\" phản đối chính sách thuế của Tổng thống Macron. - VnExpress",
    "filename": "https%3A%2F%2Fvnexpress.net%2Fphoto%2Fthe-gioi%2Fkhai-hoan-mon-tan-hoang-sau-cuoc-bao-loan-lon-nhat-5-thap-ky-o-paris-3848714.html.json",
    "image_url": "https://i-dulich.vnecdn.net/2018/12/04/Untitled-2-1543892433_500x300.jpg",
    "language": "vi",
    "localpath": null,
    "source_domain": "vnexpress.net",
    "text": "Bạo loạn bùng phát ở thủ đô Paris của Pháp hôm 1/12, khi hàng nghìn người biểu tình mặc áo khoác vàng đụng độ với cảnh sát chống bạo động. Đây là cuộc biểu tình lớn nhất 50 năm qua tại Paris, khi người dân Pháp phản đối chính sách tăng thuế xăng dầu của chính quyền Tổng thống Emmanuel Macron.\nTrong ảnh, cảnh sát chống bạo động bắn hơi cay vào người biểu tình tại Khải Hoàn Môn. Ít nhất hơn 110 người bị thương, 420 người bị bắt.",
    "title": "Khải Hoàn Môn tan hoang sau cuộc bạo loạn lớn nhất 5 thập kỷ ở Paris",
    "title_page": null,
    "title_rss": null,
    "url": "https://vnexpress.net/photo/the-gioi/khai-hoan-mon-tan-hoang-sau-cuoc-bao-loan-lon-nhat-5-thap-ky-o-paris-3848714.html"
}