{
    "authors": [],
    "date_download": "2018-12-14 21:13:18",
    "date_modify": null,
    "date_publish": "2018-11-24 00:00:00",
    "description": "Do nam sinh lớp 6 nói tục, cô chủ nhiệm ở Quảng Bình yêu cầu 23 bạn cùng lớp tát mỗi người 10 cái vào má học sinh kia. - VnExpress",
    "filename": "https%3A%2F%2Fvnexpress.net%2Ftin-tuc%2Fgiao-duc%2Fco-giao-o-quang-binh-bat-tro-tat-ban-hoc-230-cai-3844000.html.json",
    "image_url": "https://i-vnexpress.vnecdn.net/2018/11/24/truong-duy-ninh-6612-1543026859_500x300.jpg",
    "language": "vi",
    "localpath": null,
    "source_domain": "vnexpress.net",
    "text": "Sáng 24/11, ông Phạm Minh Cảnh, Chủ tịch xã Duy Ninh (Quảng Ninh, Quảng Bình) cho hay, đã nhận được tường trình của giáo viên Nguyễn Thị Phương Thủy, trường THCS Duy Ninh, về việc phạt học trò 230 cái tát.\nÔng Cảnh nói sự việc này ảnh hưởng nghiêm trọng đến ngành giáo dục, yêu cầu nhà trường họp phụ huynh, thăm hỏi và động viên nam sinh trở lại trường, đồng thời xử lý nghiêm với giáo viên.\nTrường THCS Duy Ninh ở xã Duy Ninh (Quảng Ninh, Quảng Bình).\nNgày 19/11, nam sinh lớp 6.2 nói tục trong giờ ra chơi và bị Đội Cờ đỏ ghi lại. Cô chủ nhiệm Phương Thủy phát hiện, yêu cầu 23 bạn cùng lớp tát vào má em vi phạm, mỗi người 10 cái. Học sinh phản ánh, nếu tát nhẹ thì bị cô giáo phạt ngược lại.\nSau hôm đó, nam sinh phải vào Bệnh viện đa khoa Dinh Mười (huyện Quảng Ninh) vì hai má sưng, tâm lý hoảng sợ. Đến cuối tuần này, em đã trở về nhà nhưng chưa trở lại trường.\nTrong bản tường trình, cô chủ nhiệm giải thích muốn nam sinh tốt lên nên áp dụng hình phạt. Cô giáo đã nhận ra khuyết điểm, xin lỗi gia đình học sinh.\nLớp 6.2 có 27 học sinh, thời điểm cô Phương Thủy kỷ luật nam sinh có 3 em được cho về nhà lấy vở bài tập.",
    "title": "Cô giáo ở Quảng Bình bắt trò tát bạn học 230 cái",
    "title_page": null,
    "title_rss": null,
    "url": "https://vnexpress.net/tin-tuc/giao-duc/co-giao-o-quang-binh-bat-tro-tat-ban-hoc-230-cai-3844000.html"
}