{
    "authors": [],
    "date_download": "2018-12-14 21:13:44",
    "date_modify": null,
    "date_publish": "2018-12-02 00:00:00",
    "description": "Sau chiến thắng 2-1 của tuyển Việt Nam trước Philippines, hàng nghìn cổ động viên đã xuống đường với cờ đỏ sao vàng. - VnExpress",
    "filename": "https%3A%2F%2Fvnexpress.net%2Ftuong-thuat%2Fthoi-su%2Fha-noi-sai-gon-co-rop-duong-mung-chien-thang-cua-tuyen-viet-nam-3848047.html.json",
    "image_url": "https://i-vnexpress.vnecdn.net/2018/12/02/473054952444652615762140625313-8669-5314-1543769293_500x300.jpg",
    "language": "vi",
    "localpath": null,
    "source_domain": "vnexpress.net",
    "text": "23h00\nKhu trung tâm TP HCM giao thông hỗn loạn, người dân vẫn hô vang \"Việt Nam chiến thắng\", hò hét, phất cờ... Tại đường Trần Hưng Đạo, dòng người ở hai luồng giao thông chồm qua dải phân cách bắt tay nhau, cười tươi cùng chúc mừng chiến thắng của đội tuyển.\nMột số nơi không thể di chuyển, người dân tụ tập thành nhóm, khu vực ăn mừng theo cách riêng của mình.",
    "title": "Hà Nội, Sài Gòn cờ rợp đường mừng chiến thắng của tuyển Việt Nam",
    "title_page": null,
    "title_rss": null,
    "url": "https://vnexpress.net/tuong-thuat/thoi-su/ha-noi-sai-gon-co-rop-duong-mung-chien-thang-cua-tuyen-viet-nam-3848047.html"
}