{
    "authors": [],
    "date_download": "2018-12-14 22:39:35",
    "date_modify": null,
    "date_publish": "2018-12-09 00:00:00",
    "description": "Pháthiện kẻ lạ ném chất bẩn vào nhà mình, anh Trịnh đuổi theo và đã bị ngã gãychân.",
    "filename": "https%3A%2F%2Fdantri.com.vn%2Fphap-luat%2Fduoi-theo-ke-nem-chat-ban-chu-nha-bi-gay-chan-2018120908113454.htm.json",
    "image_url": "https://dantricdn.com/thumb_w/600/2018/12/9/chatban-15443178153821601659615.JPG",
    "language": "vi",
    "localpath": null,
    "source_domain": "dantri.com.vn",
    "text": "Bắc Giang\nNgày 9-12, CAH Lạng Giang, Bắc Giang cho biết, đơn vị đang điều tra vụ ném chất bẩn khiến một người bị thương. Thông tin ban đầu cho biết, đêm 7-12, trong khi đang ngủ, gia đình chị Phạm (48 tuổi, trú tại phố Vôi, thị trấn Vôi), nghe thấy tiếng ném vào cửa sắt nên đi ra xem.\nKhi mở cửa, gia đình chị Phạm trông thấy 2 đối tượng bịt mặt đang ra sức ném chất bẩn vào nhà mình. Bức xúc, anh Trịnh (51 tuổi, chồng chị Phạm) đã lao ra để chặn giữ các đối tượng. Tuy nhiên, 2 kẻ lạ mặt vẫn tiếp tục ném chất bẩn vào anh Trịnh, và trong lúc tránh né, anh Trịnh bị ngã gãy chân.\nQua tìm hiểu được biết, do con trai anh Thịnh vay tiền của một nhóm người nhưng không trả được và bỏ trốn từ khoảng nửa năm nay nên nhiều lần chủ nợ đến gia đình để đòi tiền. Trước đó, đã có nhiều đối tượng dọa nạt, ném chất bẩn và ném vỡ cửa kính nhà vợ chồng anh Trịnh.\nTheo M.T\nAn ninh thủ đô",
    "title": "Đuổi theo kẻ ném chất bẩn, chủ nhà bị gãy chân",
    "title_page": null,
    "title_rss": null,
    "url": "https://dantri.com.vn/phap-luat/duoi-theo-ke-nem-chat-ban-chu-nha-bi-gay-chan-2018120908113454.htm"
}