{
    "authors": [],
    "date_download": "2018-12-14 22:28:12",
    "date_modify": null,
    "date_publish": "2018-11-20 09:25:37",
    "description": "Ông Maeda chỉ đi làm có hai năm, rồi sống mòn trên di sản cha mẹ để lại và dự định khi hết tiền, ông cũng sẽ chết. - VnExpress Đời sống",
    "filename": "https%3A%2F%2Fdoisong.vnexpress.net%2Ftin-tuc%2Fto-am%2Fcanh-doi-nguoi-dan-ong-nhat-song-mon-tren-tien-thua-ke-3841654.html.json",
    "image_url": "https://i-giadinh.vnecdn.net/2018/11/20/man-resigns-after-his-parents-3950-8636-1542671319_500x300.jpg",
    "language": "vi",
    "localpath": null,
    "source_domain": "doisong.vnexpress.net",
    "text": "Theo Chinapress, ông Maeda, 70 tuổi, ở Nhật gần đây tiết lộ đã sống cuộc đời đơn giản đến mức tẻ nhạt, bằng cách dùng tiền để lại của cha mẹ. Thực tế ông chỉ đi làm duy nhất một lần trong đời, trong khoảng 2 năm, rồi nghỉ ngay khi cha mẹ chết. Ông cũng chưa trải qua yêu đương lần nào.\nÔng Maeda sống tiết kiệm trong mức 60.000 yên (hơn 12 triệu đồng) mỗi tháng, ngày ăn ba bữa bằng đậu nành đóng gói sẵn. Thi thoảng mới ăn hành tây chiên với cơm trắng.\nÔng Maeda mới đây chia sẻ về cuộc sống tẻ nhạt của mình, không đi làm, không tình yêu và giờ thì không còn một người thân nào trên đời. Ảnh: Chinapress.\nLựa chọn cuộc sống đơn giản, nhưng không có nghĩa mọi thứ gọn gàng. Bụi đầy nhà, quần áo chất đầy trên ghế, rác lâu ngày không dọn... Ông thừa nhận: \"Khi nào tiền hết, tôi sẽ chết\".\nÔng có một em gái đã qua đời vài năm trước. Giờ đây cả gia đình đã đến thế giới bên kia, chỉ còn mình ông sống không mục tiêu, không mơ ước.\nMaeda ước tính, tài sản của cha mẹ vẫn đủ cho ông sống 7-8 năm nữa. \"Tôi không mong đợi mình sống lâu như vậy\", ông nói thêm.\nBảo Nhiên",
    "title": "Cảnh đời người đàn ông Nhật sống mòn trên tiền thừa kế",
    "title_page": null,
    "title_rss": null,
    "url": "https://doisong.vnexpress.net/tin-tuc/to-am/canh-doi-nguoi-dan-ong-nhat-song-mon-tren-tien-thua-ke-3841654.html"
}