{
    "authors": [],
    "date_download": "2018-12-14 22:27:51",
    "date_modify": null,
    "date_publish": "2018-12-05 00:00:00",
    "description": "Tông trúng người phụ nữ chạy xe máy, tài xế lùi ôtô tiếp tục cán lên 4 xe khác khiến nhiều người bị thương. - VnExpress",
    "filename": "https%3A%2F%2Fvnexpress.net%2Ftin-tuc%2Fthoi-su%2Foto-o-sai-gon-cuon-hang-loat-nguoi-xe-may-vao-gam-3849793.html.json",
    "image_url": "https://i-vnexpress.vnecdn.net/2018/12/05/lien-hoan-1-1544023911-7984-1544024202_500x300.jpg",
    "language": "vi",
    "localpath": null,
    "source_domain": "vnexpress.net",
    "text": "Hiện trường tai nạn. Ảnh: Quế Biên.\nTối 5/12, nam tài xế lái ôtô 7 chỗ trên đường Phan Văn Hớn, hướng từ quận 12 đi huyện Hóc Môn, TP HCM. Đến gần chợ Bà Điểm (huyện Hóc Môn), ôtô tông người phụ nữ chạy xe máy phía trước khiến nạn nhân văng xuống đường.\nXe gây tai nạn không dừng lại mà đi lùi, tiếp tục húc 4 xe máy khác, cuốn tất cả vào gầm. Ôtô chỉ dừng lại khi nằm vắt vẻo trên một loạt xe máy. 4 người, trong đó có trẻ em bị thương, kẹt dưới gầm ôtô kêu cứu.\nTài xế xuống xe, lấy quần áo che biển số rồi bỏ đi. Nhiều người dân quanh khu vực hô hào nhau nâng ôtô, giải cứu những người bị kẹt dưới gầm. Các nạn nhân được đưa đến bệnh viện trong tình trạng thương tích nhẹ.\nÔtô nằm chênh vênh trên một loạt xe máy. Ảnh: Sơn Hoà.\nCông an huyện Hóc Môn đang phong toả hiện trường, giao thông qua khu vực ùn ứ kéo dài.\nSơn Hoà",
    "title": "Ôtô ở Sài Gòn cuốn hàng loạt người, xe máy vào gầm",
    "title_page": null,
    "title_rss": null,
    "url": "https://vnexpress.net/tin-tuc/thoi-su/oto-o-sai-gon-cuon-hang-loat-nguoi-xe-may-vao-gam-3849793.html"
}