{
    "authors": [
        "Webmaster Vnexpress.Net"
    ],
    "date_download": "2018-12-14 21:13:22",
    "date_modify": null,
    "date_publish": "2018-11-26 00:00:00",
    "description": "Sáng 26/11, đường Điện Biên Phủ, Xô Viết Nghệ Tĩnh ra Bến xe miền Đông... kẹt cứng do ngập nước khiến nhiều người trễ giờ làm, trễ xe khách. - VnExpress",
    "filename": "https%3A%2F%2Fvnexpress.net%2Fphoto%2Fgiao-thong%2Fduong-sai-gon-ket-tu-sang-den-trua-3844817.html.json",
    "image_url": "https://i-vnexpress.vnecdn.net/2018/11/26/0X1A8769-1543207318_m_500x300.jpg",
    "language": "vi",
    "localpath": null,
    "source_domain": "vnexpress.net",
    "text": "Đường Quốc Lộ 13 (quận Bình Thạnh) hướng vào Bến xe miền Đông đến trưa nay nước vẫn còn ngập sâu, nhiều tuyến đường còn rối loạn.\nSau bốn ngày hình thành trên Biển Đông, trưa 25/11, bão Usagi đổ bộ vào Vũng Tàu và các tỉnh lân cận, gây mưa rất to và nhiều sự cố. Riêng tại TP HCM, trận mưa \"khủng khiếp\" biến nhiều nơi thành biển nước, cây ngã đè một người chết.",
    "title": "Đường Sài Gòn kẹt từ sáng đến trưa",
    "title_page": null,
    "title_rss": null,
    "url": "https://vnexpress.net/photo/giao-thong/duong-sai-gon-ket-tu-sang-den-trua-3844817.html"
}