{
    "authors": [],
    "date_download": "2018-12-14 21:13:20",
    "date_modify": null,
    "date_publish": "2018-11-27 00:00:00",
    "description": "Sau 10 năm thông xe, đại lộ từng đẹp nhất ở TP HCM đã rạn nứt, lồi lõm, lún... nên được nâng cấp mặt đường, mở rộng mương thoát nước. - VnExpress",
    "filename": "https%3A%2F%2Fvnexpress.net%2Fphoto%2Fgiao-thong%2Fhon-55-ty-dong-nang-cap-85-km-dai-lo-vo-van-kiet-o-tp-hcm-3843937.html.json",
    "image_url": "https://i-vnexpress.vnecdn.net/2018/11/27/Duong-Vo-Van-Kiet-3a_500x300.jpg",
    "language": "vi",
    "localpath": null,
    "source_domain": "vnexpress.net",
    "text": "Dự án sửa chữa, nâng cao độ mặt đường Võ Văn Kiệt (từ cầu Lò Gốm đến giao lộ Ký Con với chiều dài gần 8,5 km, đi qua các quận 1, 5 và 6) đang được Trung tâm Quản lý đường hầm sông Sài Gòn triển khai. Dự án có tổng mức đầu tư gần 56,5 tỷ đồng, với thời gian thi công là 240 ngày.\nTheo đại diện trung tâm, mục tiêu của dự án nhằm đảm bảo an toàn giao thông, giảm ngập, tăng mỹ quan đô thị trục đường Võ Văn Kiệt, đồng thời khắc phục hiện tượng xuống cấp mặt đường, tăng khả năng thông hành và tuổi thọ công trình.",
    "title": "Hơn 55 tỷ đồng nâng cấp 8,5 km đại lộ Võ Văn Kiệt ở TP HCM",
    "title_page": null,
    "title_rss": null,
    "url": "https://vnexpress.net/photo/giao-thong/hon-55-ty-dong-nang-cap-85-km-dai-lo-vo-van-kiet-o-tp-hcm-3843937.html"
}