{
    "authors": [
        "Tuoi Tre Online"
    ],
    "date_download": "2018-12-14 22:39:22",
    "date_modify": null,
    "date_publish": "2018-11-22 00:00:00",
    "description": "TTO - Tay vợt xinh đẹp người Canada Eugenie Bouchard đã nhận được danh hiệu \"Cầu thủ xuất sắc nhất\" ở giải bóng đá bãi biển do Tạp chí thể thao Mỹ Sports Illustrated tổ chức ngày 21-11.",
    "filename": "https%3A%2F%2Fthethao.tuoitre.vn%2Fhoa-hau-quan-vot-bouchard-tro-tai-da-bong-2018112221552504.htm.json",
    "image_url": "https://cdn.tuoitre.vn/zoom/1200_630/2018/11/22/2-15428988693331186468707-crop-15428991246211995635305.jpg",
    "language": "vi",
    "localpath": null,
    "source_domain": "thethao.tuoitre.vn",
    "text": "Kể từ khi Sharapova và Ana Ivanovic nghỉ thi đấu thì Eugenie Bouchard trở thành tay vợt nữ xinh đẹp nhất làng quần vợt thế giới.\nTrong hai năm qua, tay vợt 24 tuổi này bị chấn thương liên tục nên cô rất ít thi đấu và rơi xuống hạng 88 trên bảng xếp hạng mới nhất của WTA. Nhưng dù rất ít thi đấu, Bouchard vẫn được biết đến với danh hiệu \"Hoa hậu quần vợt\".\nMới đây Bouchard đã phô diễn kỹ năng đá bóng khá tốt, với những pha xử lý kỹ thuật và đi bóng lắt léo trong trận đấu bóng đá bãi biển 5 người để gây quỹ từ thiện do Tạp chí thể thao Mỹ Sports Illustrated tổ chức. Không chỉ giúp đội nhà giành chức vô địch, Bouchard còn được trao danh hiệu \"Cầu thủ xuất sắc nhất trận\".\nBouchard cố gắng ngăn cản pha đi bóng của đối thủ - Ảnh: Daily Mail\nMột tình huống Bouchard đi bóng - Ảnh: Daily Mail\nBouchard với nụ cười rạng rỡ bên chức vô địch và danh hiệu \"Cầu thủ xuất sắc nhất\" - Ảnh: Daily Mail",
    "title": "'Hoa hậu quần vợt' Bouchard trổ tài đá bóng",
    "title_page": null,
    "title_rss": null,
    "url": "https://thethao.tuoitre.vn/hoa-hau-quan-vot-bouchard-tro-tai-da-bong-2018112221552504.htm"
}