{
    "authors": [],
    "date_download": "2018-12-14 22:39:36",
    "date_modify": null,
    "date_publish": "2018-12-09 00:00:00",
    "description": "Sau 3 ngày cùng đồng bọn bỏ trốn khỏi trại tạm giam Kiên Giang, vào rạng sáng nay can phạm Nguyễn Quốc Quân, 39 tuổi đã ra đầu thú",
    "filename": "https%3A%2F%2Fdantri.com.vn%2Fphap-luat%2Fdoi-tuong-cuoi-cung-trong-vu-tron-khoi-trai-tam-giam-kien-giang-da-bi-bat-20181209081958807.htm.json",
    "image_url": "https://dantricdn.com/thumb_w/600/2018/12/9/8fb2f5ed-83e6-4f02-9d91-164842f0cbdb-1544318133610912244350.jpg",
    "language": "vi",
    "localpath": null,
    "source_domain": "dantri.com.vn",
    "text": "Khoảng 4h sáng nay 8-12, biết mình không trốn khỏi sự vây bắt của lực lượng Công an nên Quân đã đến Công an phường An Khánh, Quận Ninh Kiều, TP Cần Thơ đầu thú sau 3 ngày trốn khỏi nơi giam giữ cùng 2 bị can khác.\nTrước đó vào khoảng 1h sáng ngày 5-12, Quân cùng với 2 can phạm khác là Nguyễn Văn Hân (24 tuổi) phạm tội giết người và Nguyễn Duy Minh (40 tuổi), phạm tội mua bán trái phép chất ma túy đã rủ nhau khoét tường vượt rào trốn khỏi buồng giam của trại tạm giam Công an tỉnh Kiên Giang. Ngay sau đó Hân và Minh đã bị bắt giữ khi đang trốn chạy đến tỉnh An Giang.\nHiện cơ quan Cảnh sát điều tra đã ra quyết định khởi tố bị can đối với Quân, Hân và Minh và tiếp tục ra lệnh bắt tạm giam về hành vi trốn khỏi nơi giam giữ để xử lý nghiêm theo quy định của pháp luật.\nTheo Văn Vũ\nCông an nhân dân",
    "title": "Đối tượng cuối cùng trong vụ trốn khỏi trại tạm giam Kiên Giang đã bị bắt",
    "title_page": null,
    "title_rss": null,
    "url": "https://dantri.com.vn/phap-luat/doi-tuong-cuoi-cung-trong-vu-tron-khoi-trai-tam-giam-kien-giang-da-bi-bat-20181209081958807.htm"
}