{
    "page-url": "",
    "post-url": "",
    "text": "Tôi không biết dùng từ gì để nói về câu chuyện này. Khi hôm nay, anh là bác sĩ điều trị cho cha mẹ mình và một sản phụ. Phút giây anh rút ống thở khỏi gương mặt mẹ để đưa ngay cho một sản phụ đang mang thai chờ được cứu sống. Khoa - một bác sĩ đang chăm sóc cho cả ba bệnh nhân là cha, mẹ mình và cả người phụ nữ mang thai chuẩn bị sinh đôi. Ba mẹ anh cũng là bác sĩ, rong ruổi trong tâm dịch cứu dân, rồi nhiễm bệnh và trở nặng. Rồi vào đúng nơi anh là bác sĩ điều trị. Bác sĩ khoa ' đã không vì tình thân mà quên đi lời thề Hippocrates nhưng nghiệt ngã và đau đớn quá đỗi em ơi. Anh nghe mà quặn thắt trong lòng ' - đồng nghiệp anh viết tiếp: ' Ngọn nến này xin dành để cầu nguyện cho Cô và Chú. Hôm nay Cô và Chú mất đi để cho những người trẻ hơn được sống! ' Chúng tôi, những người đang được sống, nợ ơn anh và hai Bác.",
    "images": [
        ""
    ],
    "relevant-users": [],
    "url": []
}
