{
    "page-url": "",
    "post-url": "https://www.youtube.com/watch?v=OMYlj00W0ds",
    "text": "20 ngày nữa VinFast sẽ khuynh đảo thị trường, đi trước các \"ông lớn\" thế giới cả chục năm_360 Xe\n360 Xe_VinFast sẽ đi trước Bentley 8 năm, Toyota 13 năm, Honda 28 năm.\n*Cám ơn các bạn đã xem video nếu thấy hay hãy nhấn LIKE và ĐĂNG KÝ để ủng hộ kênh nhé\n*Đăng ký miễn phí tại đây : https://www.youtube.com/channel/UCYJ-...\n*Lưu ý: 360 xe _ không sở hữu tất cả tư liệu được sử dụng trong Video này. Mọi thắc mắc về bản quyền, tài trợ, quảng cáo, cộng tác vui lòng liên hệ email: buiducthan29101988@gmail.com",
    "images": [
        ""
    ],
    "relevant-users": [],
    "url": []
}
