{
    "page-url": "https://www.facebook.com/groups/hoididapluon",
    "post-url": "https://www.facebook.com/groups/hoididapluon/permalink/2175632256052652/",
    "text": "Cho e giải thích thắc mắc của a Dương lo lắng FB bị cấm\nTin mừng tin hot!\nFacebook chuẩn bị đặt trụ sở đại diện chính thức tại Việt Nam\n\nCEO Facebook Việt Nam Lê Diệp Kiều Trang cho biết, hiện Ban giám đốc Facebook đang hoàn tất các thủ tục pháp lý để chuẩn bị thành lập văn phòng đại diện tại Việt Nam. Trước đó, tuy Facebook có một bộ phận quản lý Facebook người Việt dành riêng cho thị trường Việt Nam nhưng lại đóng tại trụ sở ở Singapore. Thì nay, việc chuyển văn phòng về Việt Nam sẽ giúp hỗ trợ tốt hơn cho các hoạt động của Facebook tại Việt Nam. Đặc biệt là các hoạt động kinh doanh quảng cáo và hỗ trợ doanh nghiệp, start-up Việt.\n\nCũng theo bà Trang, Việt Nam, với số người sử dụng internet là khoảng 55 triệu người dùng, trong đó có 53 triệu tài khoản Facebook được tạo lập tại Việt Nam. Xếp thứ hai Đông Nam Á và đứng thứ 7 toàn thế giới về số người dùng Facebook.",
    "images": [
        "https://www.facebook.com/photo.php?fbid=2210330775876516&set=a.1404119436497658&type=3&eid=ARCNB4YgbXmsiE1ESqR1iLwLPMu5xlaaptSPQ2tzuw895_7Fg01GC34eQifsagi-NyWUG10tMc_FkVox"
    ],
    "relevant-users": [],
    "url": []
}