{
    "authors": [],
    "date_download": "2018-12-14 22:23:15",
    "date_modify": null,
    "date_publish": "2017-02-08 20:35:44",
    "description": "Nhận xăm “chỗ kín” cho thiếu nữ, tái mặt vì thấy điều kinh dị khiến anh thợ muốn hộc máu mồm Thế mới nói, những chàng thợ xăm là những người \"cứng vía\" đến nhường nào. Cứ tò mò mãi sao cô gái này nằng nặc đòi vào chỗ nào kín đáo mới chịu xăm, thanh",
    "filename": "http%3A%2F%2Ftinvn.info%2Fnhan-xam-cho-kin-cho-thieu-nu-tai-mat-vi-thay-dieu-kinh-di-khien-anh-tho-muon-hoc-mau-mom.html.json",
    "image_url": "http://i.tinvn.info/m/2017/02/xam-blogtamsuvn2_01.jpg",
    "language": "vi",
    "localpath": null,
    "source_domain": "tinvn.info",
    "text": "Thế mới nói, những chàng thợ xăm là những người “cứng vía” đến nhường nào.\nCứ tò mò mãi sao cô gái này nằng nặc đòi vào chỗ nào kín đáo mới chịu xăm, thanh niên chỉ biết nín lặng mà hộc máu khi vừa vào phòng đã thấy cảnh tượng kinh dị là nàng hồn nhiên… lột hết đồ ra rồi yêu cầu xăm vào nơi “nhạy cảm” đến vậy.\nChị em bây giờ càng ngày càng táo bạo hơn rồi!\nĐang xăm mải miết mà cũng run sợ muôn phần bởi “chỗ đó” có thể nổ tung bất cứ lúc nào.\nCó ai chỉ tập trung vào mảng xanh huyền bí không?\nPhía sau tấm lưng trần thướt tha…\nXăm trên bụng đã phải toát mồ hôi hột rồi…\n… vậy mà còn sau hông nữa thì 500 anh em biết phải làm sao?\nThế mới nói, nghề thợ xăm bây giờ “áp lực” quá!\nNhưng dù xăm chỗ bình thường hay nhạy cảm đi chăng nữa,…\n… các anh phải hoàn toàn phải bình tĩnh và tập trung cao độ.\nVị trí xăm hình khiến nhiều người xem “đỏ mặt”.",
    "title": "Nhận xăm “chỗ kín” cho thiếu nữ, tái mặt vì thấy điều kinh dị khiến anh thợ muốn hộc máu mồm",
    "title_page": null,
    "title_rss": null,
    "url": "http://tinvn.info/nhan-xam-cho-kin-cho-thieu-nu-tai-mat-vi-thay-dieu-kinh-di-khien-anh-tho-muon-hoc-mau-mom.html"
}