{
    "authors": [
        "Please Enter Your Name Here"
    ],
    "date_download": "2018-09-09 00:38:52",
    "date_modify": null,
    "date_publish": "2018-09-03 00:00:00",
    "description": null,
    "filename": "https%3A%2F%2Fgiadinhtiepthi.com%2Fcuoi-vo-bung-khi-tieng-cai-cach-vuong-tron-xam-nhap-cho-bua-cac-su-dung-chuyen-nghiep%2F.json",
    "image_url": ["https://giadinhtiepthi.com/wp-content/uploads/2018/09/3-3.png",
                "https://giadinhtiepthi.com/wp-content/uploads/2018/09/3-3-696x351.png",
                "https://giadinhtiepthi.com/wp-content/uploads/2018/09/2-3.png",
                "https://giadinhtiepthi.com/wp-content/uploads/2018/09/3-2.png",
                "https://giadinhtiepthi.com/wp-content/uploads/2018/09/4-2.png"],
    "movies": [],
    "language": "vi",
    "localpath": null,
    "source_domain": "giadinhtiepthi.com",
    "text": "Những ngày qua, các phụ huynh liên tục chia sẻ các clip con học tập đọc với phương pháp mới, đọc thơ qua các hình tam giác, ô vuông mà không đánh vần chữ.\nHọc máy móc, rắc rối?\nTrên mạng xã hội, các phụ huynh bức xúc liên tục chia sẻ các clip con họ tập đọc với phương pháp mới, đọc qua các hình tam giác, ô vuông mà không đánh vần chữ. Ngay lập tức những ký tự tam giác, ô vuông, trái tim trở thành chủ đề hot để cư dân mạng khai thác, điều chế thành những sản phẩm mang tính chất giải trí.\nViệc làm ngày có thể mang mục đích phản đổi các đánh vần, cách dạy học mới theo kiểu cải cách đang xôn xao mấy ngày nay…\nHàng loạt những hot hit của các ca sỹ nổi tiếng đình đám ngày nay được chế theo trào lưu ô vuông tam giác khiến dân mạng không thể nhịn cười\nNhững video clip làm ra hầu hết phản đối phương pháp dạy học cải cách của GS Hồ Ngọc Đại\nVideo này chỉ mang tính chất giải trí",
    "title": "Cười vỡ bụng khi tiếng CẢI CÁCH \"vuông tròn\" xâm nhập chợ búa, các mẹ sử dụng chuyên nghiệp",
    "title_page": null,
    "title_rss": null,
    "url": "https://giadinhtiepthi.com/cuoi-vo-bung-khi-tieng-cai-cach-vuong-tron-xam-nhap-cho-bua-cac-su-dung-chuyen-nghiep/"
}