{
    "authors": [],
    "date_download": "2018-12-05 16:23:58",
    "date_modify": null,
    "date_publish": "2017-04-14 21:13:40",
    "description": "Đi cả đêm mới về, bà mẹ tá hoả thấy mặt con bị cắt nát kinh dị và sự thật sốc tận não đằng sau Bà mẹ sửng sốt không ngờ, khi lấy tay chạm nhẹ vào vết thương trên mặt con gái là cảnh tượng này.   Bỏ đi đằng đẵng một đêm, đến khi trở về bà mẹ tá h",
    "filename": "http%3A%2F%2Ftinvn.info%2Fdi-ca-dem-moi-ve-ba-me-ta-hoa-thay-mat-con-bi-cat-nat-kinh-di-va-su-that-soc-tan-nao-dang-sau.html.json",
    "image_url": "http://i.tinvn.info/m/2017/04/a1-blogtamsuvn_02.jpg",
    "language": "vi",
    "localpath": null,
    "source_domain": "tinvn.info",
    "text": "Bà mẹ sửng sốt không ngờ, khi lấy tay chạm nhẹ vào vết thương trên mặt con gái là cảnh tượng này.\nBỏ đi đằng đẵng một đêm, đến khi trở về bà mẹ tá hỏa khi thấy khuôn mặt con gái vô cùng khác lạ.\nĐến khi tận tay sờ vào, bà mẹ mới nhận ra thì ra đây là lớp trang điểm.\nNghệ thuật trang điểm quá cao tay khiến nhiều người khó nhận ra thật giả.\nCó ai đủ bình tĩnh nhìn không?\nChỉ cần biến đổi một lúc nhìn khuôn mặt đã mang vẻ ma mị khác hẳn.\nNhìn mà hoa cả mắt.\nBỗng nhiên thêm đôi mắt cùng những hai dây giầy xỏ kín mặt, nhìn còn kinh hãi hơn cả phim kinh dị nữa.\nKiểu trang điểm này vô cùng thích hợp cho các nàng ‘trưng diện’ ngày Hallowen.\nCó ai đủ can đảm nhìn quá 3 giây không?",
    "title": "Đi cả đêm mới về, bà mẹ tá hoả thấy mặt con bị cắt nát kinh dị và sự thật sốc tận não đằng sau",
    "title_page": null,
    "title_rss": null,
    "url": "http://tinvn.info/di-ca-dem-moi-ve-ba-me-ta-hoa-thay-mat-con-bi-cat-nat-kinh-di-va-su-that-soc-tan-nao-dang-sau.html"
}