{
    "authors": [],
    "date_download": "2022-03-08 14:47:51",
    "date_modify": null,
    "date_publish": "2022-03-05 00:00:00",
    "description": "Có tin Tổng thống Ukraine Zelensky đang 'trốn' trong Đại sứ quán Mỹ ở Ba Lan",
    "filename": "https%3A%2F%2Fdanviet.vn%2Fco-tin-tong-thong-ukraine-zelensky-dang-tron-trong-dai-su-quan-my-o-ba-lan-20220305092804117.htm.json",
    "image_url": "https://danviet.mediacdn.vn/296231569849192448/2022/3/5/zelensky-ok-16464469808721109374897-0-0-838-1600-crop-16464472052251861237613.jpg",
    "language": "vi",
    "localpath": null,
    "maintext": "Tổng thống Ukraine Zelensky. Ảnh Economic Times\nTrên trangTelegram của mình, ông Volodin viết: \"Zelensky đã rời Ukraine. Các nghị sỹ Verkhovna Rada nói họ không thể đến gặp ông ấy ở Lvov. Hiện ông ấy đang ở Ba Lan\".\nTrong khi đó, cựu Thủ tướng Ukraine Nikolai Azarov cũng cho biết, boongke \"tổng thống\" ở Kiev, nơi ông Vladimir Zelensky được cho là đang ẩn náu, được bảo vệ khỏi nguy cơ tấn công hạt nhân.\n\"Nếu ông ấy đang ở Kiev trong boongke nổi tiếng ở phủ tổng thống, thì đó là boongke được bảo vệ tuyệt đối, nó được chuẩn bị từ thời Liên Xô cho đội ngũ lãnh đạo chính trị và quân sự hàng đầu Ukraine hồi đó trú ẩn nếu bị tấn công hạt nhân. Nếu xảy ra một vụ tấn công trực diện bằng vũ khí hạt nhân cũng sẽ không gây ra bất kỳ tổn hại nào cho những người trú trong boongke đó\", ông Azarov nói.\nÔng nói thêm rằng boongke có một số lối thoát hiểm và \"một số lượng lớn các phòng được trang bị đầy đủ để nghỉ ngơi, làm việc…Hơn nữa, có những lối thoát hiểm để đi đến sân bay trực thăng chỉ trong vài phút theo đúng nghĩa đen\".\nĐồng thời, ông nhấn mạnh rằng vẫn chưa rõ có đúng là Zelensky vẫn đang ở Kiev hay không. \"Mà không ở đâu đó nước ngoài rồi. Điều này cũng khó nói\", ông Azarov nhận xét.\nTuy nhiên trang Republic World dẫn lời Quốc hội Ukraine bác bỏ các thông tin trên và đảm bảo rằng ông Zelensky vẫn đang ở Kiev.",
    "source_domain": "danviet.vn",
    "title": "Tổng thống Ukraine Zelensky đang \"trốn\" trong Đại sứ quán Mỹ ở Ba Lan",
    "title_page": null,
    "title_rss": null,
    "url": "https://danviet.vn/co-tin-tong-thong-ukraine-zelensky-dang-tron-trong-dai-su-quan-my-o-ba-lan-20220305092804117.htm"
}